selected,abbrevref_id,isolabel_ext,abbrev,insert_date,default_abbrev
t,5,EC,ec,2023-11-30,f
t,5,EC-A,ec;a,2023-11-30,f
t,5,EC-A,ec;azuay,2023-11-30,f
t,1,EC-A-CamiloPonceEnriquez,EC-A-CPE,2022-09-14,f
t,5,EC-A-CamiloPonceEnriquez,ec;a;camilo.ponce.enriquez,2023-11-30,f
t,5,EC-A-CamiloPonceEnriquez,ec;azuay;camilo.ponce.enriquez,2023-11-30,f
t,1,EC-A-Chordeleg,EC-A-CHO,2022-09-14,f
t,5,EC-A-Chordeleg,ec;a;chordeleg,2023-11-30,f
t,5,EC-A-Chordeleg,ec;azuay;chordeleg,2023-11-30,f
t,1,EC-A-Cuenca,EC-A-CUE,2022-09-14,f
t,5,EC-A-Cuenca,ec;a;cuenca,2023-11-30,f
t,5,EC-A-Cuenca,ec;azuay;cuenca,2023-11-30,f
t,1,EC-A-ElPan,EC-A-ELP,2022-09-14,f
t,5,EC-A-ElPan,ec;a;el.pan,2023-11-30,f
t,5,EC-A-ElPan,ec;azuay;el.pan,2023-11-30,f
t,1,EC-A-Giron,EC-A-GIR,2022-09-14,f
t,5,EC-A-Giron,ec;a;giron,2023-11-30,f
t,5,EC-A-Giron,ec;azuay;giron,2023-11-30,f
t,1,EC-A-Guachapala,EC-A-GUA,2022-09-14,f
t,5,EC-A-Guachapala,ec;a;guachapala,2023-11-30,f
t,5,EC-A-Guachapala,ec;azuay;guachapala,2023-11-30,f
t,1,EC-A-Gualaceo,EC-A-GUL,2022-09-14,f
t,5,EC-A-Gualaceo,ec;a;gualaceo,2023-11-30,f
t,5,EC-A-Gualaceo,ec;azuay;gualaceo,2023-11-30,f
t,1,EC-A-Nabon,EC-A-NAB,2022-09-14,f
t,5,EC-A-Nabon,ec;a;nabon,2023-11-30,f
t,5,EC-A-Nabon,ec;azuay;nabon,2023-11-30,f
t,1,EC-A-Ona,EC-A-ONA,2022-09-14,f
t,5,EC-A-Ona,ec;a;ona,2023-11-30,f
t,5,EC-A-Ona,ec;azuay;ona,2023-11-30,f
t,1,EC-A-Paute,EC-A-PAT,2022-09-14,f
t,5,EC-A-Paute,ec;a;paute,2023-11-30,f
t,5,EC-A-Paute,ec;azuay;paute,2023-11-30,f
t,1,EC-A-Pucara,EC-A-PUC,2022-09-14,f
t,5,EC-A-Pucara,ec;a;pucara,2023-11-30,f
t,5,EC-A-Pucara,ec;azuay;pucara,2023-11-30,f
t,1,EC-A-SanFernando,EC-A-SNF,2022-09-14,f
t,5,EC-A-SanFernando,ec;a;san.fernando,2023-11-30,f
t,5,EC-A-SanFernando,ec;azuay;san.fernando,2023-11-30,f
t,1,EC-A-SantaIsabel,EC-A-SIS,2022-09-14,f
t,5,EC-A-SantaIsabel,ec;a;santa.isabel,2023-11-30,f
t,5,EC-A-SantaIsabel,ec;azuay;santa.isabel,2023-11-30,f
t,1,EC-A-SevillaOro,EC-A-SVO,2022-09-14,f
t,5,EC-A-SevillaOro,ec;a;sevilla.oro,2023-11-30,f
t,5,EC-A-SevillaOro,ec;azuay;sevilla.oro,2023-11-30,f
t,1,EC-A-Sigsig,EC-A-SIG,2022-09-14,f
t,5,EC-A-Sigsig,ec;a;sigsig,2023-11-30,f
t,5,EC-A-Sigsig,ec;azuay;sigsig,2023-11-30,f
t,5,EC-B,ec;b,2023-11-30,f
t,5,EC-B,ec;bolivar,2023-11-30,f
t,1,EC-B-Caluma,EC-B-CAL,2022-09-14,f
t,5,EC-B-Caluma,ec;b;caluma,2023-11-30,f
t,5,EC-B-Caluma,ec;bolivar;caluma,2023-11-30,f
t,1,EC-B-Chillanes,EC-B-CHI,2022-09-14,f
t,5,EC-B-Chillanes,ec;b;chillanes,2023-11-30,f
t,5,EC-B-Chillanes,ec;bolivar;chillanes,2023-11-30,f
t,1,EC-B-Chimbo,EC-B-CHB,2022-09-14,f
t,5,EC-B-Chimbo,ec;b;chimbo,2023-11-30,f
t,5,EC-B-Chimbo,ec;bolivar;chimbo,2023-11-30,f
t,1,EC-B-Echeandia,EC-B-ECH,2022-09-14,f
t,5,EC-B-Echeandia,ec;b;echeandia,2023-11-30,f
t,5,EC-B-Echeandia,ec;bolivar;echeandia,2023-11-30,f
t,1,EC-B-Guaranda,EC-B-GUA,2022-09-14,f
t,5,EC-B-Guaranda,ec;b;guaranda,2023-11-30,f
t,5,EC-B-Guaranda,ec;bolivar;guaranda,2023-11-30,f
t,1,EC-B-LasNaves,EC-B-LSN,2022-09-14,f
t,5,EC-B-LasNaves,ec;b;las.naves,2023-11-30,f
t,5,EC-B-LasNaves,ec;bolivar;las.naves,2023-11-30,f
t,1,EC-B-SanMiguel,EC-B-SML,2022-09-14,f
t,5,EC-B-SanMiguel,ec;b;san.miguel,2023-11-30,f
t,5,EC-B-SanMiguel,ec;bolivar;san.miguel,2023-11-30,f
t,5,EC-C,ec;c,2023-11-30,f
t,5,EC-C,ec;carchi,2023-11-30,f
t,1,EC-C-Bolivar,EC-C-BOL,2022-09-14,f
t,5,EC-C-Bolivar,ec;c;bolivar,2023-11-30,f
t,5,EC-C-Bolivar,ec;carchi;bolivar,2023-11-30,f
t,1,EC-C-Espejo,EC-C-ESP,2022-09-14,f
t,5,EC-C-Espejo,ec;c;espejo,2023-11-30,f
t,5,EC-C-Espejo,ec;carchi;espejo,2023-11-30,f
t,1,EC-C-Mira,EC-C-MIR,2022-09-14,f
t,5,EC-C-Mira,ec;c;mira,2023-11-30,f
t,5,EC-C-Mira,ec;carchi;mira,2023-11-30,f
t,1,EC-C-Montufar,EC-C-MOT,2022-09-14,f
t,5,EC-C-Montufar,ec;c;montufar,2023-11-30,f
t,5,EC-C-Montufar,ec;carchi;montufar,2023-11-30,f
t,1,EC-C-SanPedroHuaca,EC-C-SPH,2022-09-14,f
t,5,EC-C-SanPedroHuaca,ec;c;san.pedro.huaca,2023-11-30,f
t,5,EC-C-SanPedroHuaca,ec;carchi;san.pedro.huaca,2023-11-30,f
t,1,EC-C-Tulcan,EC-C-TUL,2022-09-14,f
t,5,EC-C-Tulcan,ec;c;tulcan,2023-11-30,f
t,5,EC-C-Tulcan,ec;carchi;tulcan,2023-11-30,f
t,5,EC-D,ec;d,2023-11-30,f
t,5,EC-D,ec;orellana,2023-11-30,f
t,1,EC-D-Aguarico,EC-D-AGO,2022-09-14,f
t,5,EC-D-Aguarico,ec;d;aguarico,2023-11-30,f
t,5,EC-D-Aguarico,ec;orellana;aguarico,2023-11-30,f
t,1,EC-D-FranciscoOrellana,EC-D-FDO,2022-09-14,f
t,5,EC-D-FranciscoOrellana,ec;d;francisco.orellana,2023-11-30,f
t,5,EC-D-FranciscoOrellana,ec;orellana;francisco.orellana,2023-11-30,f
t,1,EC-D-JoyaSachas,EC-D-JDO,2022-09-14,f
t,5,EC-D-JoyaSachas,ec;d;joya.sachas,2023-11-30,f
t,5,EC-D-JoyaSachas,ec;orellana;joya.sachas,2023-11-30,f
t,1,EC-D-Loreto,EC-D-LOR,2022-09-14,f
t,5,EC-D-Loreto,ec;d;loreto,2023-11-30,f
t,5,EC-D-Loreto,ec;orellana;loreto,2023-11-30,f
t,5,EC-E,ec;e,2023-11-30,f
t,5,EC-E,ec;esmeraldas,2023-11-30,f
t,1,EC-E-Atacames,EC-E-ATA,2022-09-14,f
t,5,EC-E-Atacames,ec;e;atacames,2023-11-30,f
t,5,EC-E-Atacames,ec;esmeraldas;atacames,2023-11-30,f
t,1,EC-E-EloyAlfaro,EC-E-EYA,2022-09-14,f
t,5,EC-E-EloyAlfaro,ec;e;eloy.alfaro,2023-11-30,f
t,5,EC-E-EloyAlfaro,ec;esmeraldas;eloy.alfaro,2023-11-30,f
t,1,EC-E-Esmeraldas,EC-E-ESM,2022-09-14,f
t,5,EC-E-Esmeraldas,ec;e;esmeraldas,2023-11-30,f
t,5,EC-E-Esmeraldas,ec;esmeraldas;esmeraldas,2023-11-30,f
t,1,EC-E-Muisne,EC-E-MUI,2022-09-14,f
t,5,EC-E-Muisne,ec;e;muisne,2023-11-30,f
t,5,EC-E-Muisne,ec;esmeraldas;muisne,2023-11-30,f
t,1,EC-E-Quininde,EC-E-QUI,2022-09-14,f
t,5,EC-E-Quininde,ec;e;quininde,2023-11-30,f
t,5,EC-E-Quininde,ec;esmeraldas;quininde,2023-11-30,f
t,1,EC-E-RioVerde,EC-E-RVE,2022-09-14,f
t,5,EC-E-RioVerde,ec;e;rio.verde,2023-11-30,f
t,5,EC-E-RioVerde,ec;esmeraldas;rio.verde,2023-11-30,f
t,1,EC-E-SanLorenzo,EC-E-SLZ,2022-09-14,f
t,5,EC-E-SanLorenzo,ec;e;san.lorenzo,2023-11-30,f
t,5,EC-E-SanLorenzo,ec;esmeraldas;san.lorenzo,2023-11-30,f
t,5,EC-F,ec;canar,2023-11-30,f
t,5,EC-F,ec;f,2023-11-30,f
t,1,EC-F-Azogues,EC-F-AZO,2022-09-14,f
t,5,EC-F-Azogues,ec;canar;azogues,2023-11-30,f
t,5,EC-F-Azogues,ec;f;azogues,2023-11-30,f
t,1,EC-F-Biblian,EC-F-BIB,2022-09-14,f
t,5,EC-F-Biblian,ec;canar;biblian,2023-11-30,f
t,5,EC-F-Biblian,ec;f;biblian,2023-11-30,f
t,1,EC-F-Canar,EC-F-CAR,2022-09-14,f
t,5,EC-F-Canar,ec;canar;canar,2023-11-30,f
t,5,EC-F-Canar,ec;f;canar,2023-11-30,f
t,1,EC-F-CantonSuscal,EC-F-CSL,2022-09-14,f
t,5,EC-F-CantonSuscal,ec;canar;canton.suscal,2023-11-30,f
t,5,EC-F-CantonSuscal,ec;f;canton.suscal,2023-11-30,f
t,1,EC-F-Deleg,EC-F-DEL,2022-09-14,f
t,5,EC-F-Deleg,ec;canar;deleg,2023-11-30,f
t,5,EC-F-Deleg,ec;f;deleg,2023-11-30,f
t,1,EC-F-ElTambo,EC-F-ETB,2022-09-14,f
t,5,EC-F-ElTambo,ec;canar;el.tambo,2023-11-30,f
t,5,EC-F-ElTambo,ec;f;el.tambo,2023-11-30,f
t,1,EC-F-LaTroncal,EC-F-LTL,2022-09-14,f
t,5,EC-F-LaTroncal,ec;canar;la.troncal,2023-11-30,f
t,5,EC-F-LaTroncal,ec;f;la.troncal,2023-11-30,f
t,5,EC-G,ec;g,2023-11-30,f
t,5,EC-G,ec;guayas,2023-11-30,f
t,1,EC-G-AlfredoBaquerizoMoreno,EC-G-ABM,2022-09-14,f
t,5,EC-G-AlfredoBaquerizoMoreno,ec;g;alfredo.baquerizo.moreno,2023-11-30,f
t,5,EC-G-AlfredoBaquerizoMoreno,ec;guayas;alfredo.baquerizo.moreno,2023-11-30,f
t,1,EC-G-Balao,EC-G-BAL,2022-09-14,f
t,5,EC-G-Balao,ec;g;balao,2023-11-30,f
t,5,EC-G-Balao,ec;guayas;balao,2023-11-30,f
t,1,EC-G-Balzar,EC-G-BAZ,2022-09-14,f
t,5,EC-G-Balzar,ec;g;balzar,2023-11-30,f
t,5,EC-G-Balzar,ec;guayas;balzar,2023-11-30,f
t,1,EC-G-CantonColimes,EC-G-CCS,2022-09-14,f
t,5,EC-G-CantonColimes,ec;g;canton.colimes,2023-11-30,f
t,5,EC-G-CantonColimes,ec;guayas;canton.colimes,2023-11-30,f
t,1,EC-G-CantonGeneralAntonioElizalde,EC-G-CGE,2022-09-14,f
t,5,EC-G-CantonGeneralAntonioElizalde,"ec;g;canton.general.antonio.e
lizalde",2023-11-30,f
t,5,EC-G-CantonGeneralAntonioElizalde,"ec;guayas;canton.general.antonio.e
lizalde",2023-11-30,f
t,1,EC-G-CantonIsidroAyora,EC-G-CIA,2022-09-14,f
t,5,EC-G-CantonIsidroAyora,ec;g;canton.isidro.ayora,2023-11-30,f
t,5,EC-G-CantonIsidroAyora,ec;guayas;canton.isidro.ayora,2023-11-30,f
t,1,EC-G-CantonLomasSargentillo,EC-G-CLS,2022-09-14,f
t,5,EC-G-CantonLomasSargentillo,ec;g;canton.lomas.sargentillo,2023-11-30,f
t,5,EC-G-CantonLomasSargentillo,ec;guayas;canton.lomas.sargentillo,2023-11-30,f
t,1,EC-G-CoronelMarcelinoMariduena,EC-G-CMM,2022-09-14,f
t,5,EC-G-CoronelMarcelinoMariduena,ec;g;coronel.marcelino.mariduena,2023-11-30,f
t,5,EC-G-CoronelMarcelinoMariduena,ec;guayas;coronel.marcelino.mariduena,2023-11-30,f
t,1,EC-G-Daule,EC-G-DAU,2022-09-14,f
t,5,EC-G-Daule,ec;g;daule,2023-11-30,f
t,5,EC-G-Daule,ec;guayas;daule,2023-11-30,f
t,1,EC-G-Duran,EC-G-DUR,2022-09-14,f
t,5,EC-G-Duran,ec;g;duran,2023-11-30,f
t,5,EC-G-Duran,ec;guayas;duran,2023-11-30,f
t,1,EC-G-ElEmpalme,EC-G-ELE,2022-09-14,f
t,5,EC-G-ElEmpalme,ec;g;el.empalme,2023-11-30,f
t,5,EC-G-ElEmpalme,ec;guayas;el.empalme,2023-11-30,f
t,1,EC-G-ElTriunfo,EC-G-ETF,2022-09-14,f
t,5,EC-G-ElTriunfo,ec;g;el.triunfo,2023-11-30,f
t,5,EC-G-ElTriunfo,ec;guayas;el.triunfo,2023-11-30,f
t,1,EC-G-Guayaquil,EC-G-GYL,2022-09-14,f
t,5,EC-G-Guayaquil,ec;g;guayaquil,2023-11-30,f
t,5,EC-G-Guayaquil,ec;guayas;guayaquil,2023-11-30,f
t,1,EC-G-Milagro,EC-G-MIL,2022-09-14,f
t,5,EC-G-Milagro,ec;g;milagro,2023-11-30,f
t,5,EC-G-Milagro,ec;guayas;milagro,2023-11-30,f
t,1,EC-G-Naranjal,EC-G-NAR,2022-09-14,f
t,5,EC-G-Naranjal,ec;g;naranjal,2023-11-30,f
t,5,EC-G-Naranjal,ec;guayas;naranjal,2023-11-30,f
t,1,EC-G-Naranjito,EC-G-NAJ,2022-09-14,f
t,5,EC-G-Naranjito,ec;g;naranjito,2023-11-30,f
t,5,EC-G-Naranjito,ec;guayas;naranjito,2023-11-30,f
t,1,EC-G-Nobol,EC-G-NOB,2022-09-14,f
t,5,EC-G-Nobol,ec;g;nobol,2023-11-30,f
t,5,EC-G-Nobol,ec;guayas;nobol,2023-11-30,f
t,1,EC-G-Palestina,EC-G-PAL,2022-09-14,f
t,5,EC-G-Palestina,ec;g;palestina,2023-11-30,f
t,5,EC-G-Palestina,ec;guayas;palestina,2023-11-30,f
t,1,EC-G-PedroCarbo,EC-G-PCO,2022-09-14,f
t,5,EC-G-PedroCarbo,ec;g;pedro.carbo,2023-11-30,f
t,5,EC-G-PedroCarbo,ec;guayas;pedro.carbo,2023-11-30,f
t,1,EC-G-Playas,EC-G-PLS,2022-09-14,f
t,5,EC-G-Playas,ec;g;playas,2023-11-30,f
t,5,EC-G-Playas,ec;guayas;playas,2023-11-30,f
t,1,EC-G-Salitre,EC-G-SAL,2022-09-14,f
t,5,EC-G-Salitre,ec;g;salitre,2023-11-30,f
t,5,EC-G-Salitre,ec;guayas;salitre,2023-11-30,f
t,1,EC-G-Samborondon,EC-G-SAM,2022-09-14,f
t,5,EC-G-Samborondon,ec;g;samborondon,2023-11-30,f
t,5,EC-G-Samborondon,ec;guayas;samborondon,2023-11-30,f
t,1,EC-G-SanJacintoYaguachi,EC-G-SJY,2022-09-14,f
t,5,EC-G-SanJacintoYaguachi,ec;g;san.jacinto.yaguachi,2023-11-30,f
t,5,EC-G-SanJacintoYaguachi,ec;guayas;san.jacinto.yaguachi,2023-11-30,f
t,1,EC-G-SantaLucia,EC-G-SLA,2022-09-14,f
t,5,EC-G-SantaLucia,ec;g;santa.lucia,2023-11-30,f
t,5,EC-G-SantaLucia,ec;guayas;santa.lucia,2023-11-30,f
t,1,EC-G-SimonBolivar,EC-G-SBR,2022-09-14,f
t,5,EC-G-SimonBolivar,ec;g;simon.bolivar,2023-11-30,f
t,5,EC-G-SimonBolivar,ec;guayas;simon.bolivar,2023-11-30,f
t,5,EC-H,ec;chimborazo,2023-11-30,f
t,5,EC-H,ec;h,2023-11-30,f
t,1,EC-H-Alausi,EC-H-ALA,2022-09-14,f
t,5,EC-H-Alausi,ec;chimborazo;alausi,2023-11-30,f
t,5,EC-H-Alausi,ec;h;alausi,2023-11-30,f
t,1,EC-H-CantonChambo,EC-H-CCO,2022-09-14,f
t,5,EC-H-CantonChambo,ec;chimborazo;canton.chambo,2023-11-30,f
t,5,EC-H-CantonChambo,ec;h;canton.chambo,2023-11-30,f
t,1,EC-H-CantonCumanda,EC-H-CCA,2022-09-14,f
t,5,EC-H-CantonCumanda,ec;chimborazo;canton.cumanda,2023-11-30,f
t,5,EC-H-CantonCumanda,ec;h;canton.cumanda,2023-11-30,f
t,1,EC-H-CantonPenipe,EC-H-CPE,2022-09-14,f
t,5,EC-H-CantonPenipe,ec;chimborazo;canton.penipe,2023-11-30,f
t,5,EC-H-CantonPenipe,ec;h;canton.penipe,2023-11-30,f
t,1,EC-H-Chunchi,EC-H-CHI,2022-09-14,f
t,5,EC-H-Chunchi,ec;chimborazo;chunchi,2023-11-30,f
t,5,EC-H-Chunchi,ec;h;chunchi,2023-11-30,f
t,1,EC-H-Colta,EC-H-COA,2022-09-14,f
t,5,EC-H-Colta,ec;chimborazo;colta,2023-11-30,f
t,5,EC-H-Colta,ec;h;colta,2023-11-30,f
t,1,EC-H-Guamote,EC-H-GUE,2022-09-14,f
t,5,EC-H-Guamote,ec;chimborazo;guamote,2023-11-30,f
t,5,EC-H-Guamote,ec;h;guamote,2023-11-30,f
t,1,EC-H-Guano,EC-H-GUO,2022-09-14,f
t,5,EC-H-Guano,ec;chimborazo;guano,2023-11-30,f
t,5,EC-H-Guano,ec;h;guano,2023-11-30,f
t,1,EC-H-Pallatanga,EC-H-PAA,2022-09-14,f
t,5,EC-H-Pallatanga,ec;chimborazo;pallatanga,2023-11-30,f
t,5,EC-H-Pallatanga,ec;h;pallatanga,2023-11-30,f
t,1,EC-H-Riobamba,EC-H-RIO,2022-09-14,f
t,5,EC-H-Riobamba,ec;chimborazo;riobamba,2023-11-30,f
t,5,EC-H-Riobamba,ec;h;riobamba,2023-11-30,f
t,5,EC-I,ec;i,2023-11-30,f
t,5,EC-I,ec;imbabura,2023-11-30,f
t,1,EC-I-Atuntaqui,EC-I-ATI,2022-09-14,f
t,5,EC-I-Atuntaqui,ec;i;atuntaqui,2023-11-30,f
t,5,EC-I-Atuntaqui,ec;imbabura;atuntaqui,2023-11-30,f
t,1,EC-I-CantonPimampiro,EC-I-CPO,2022-09-14,f
t,5,EC-I-CantonPimampiro,ec;i;canton.pimampiro,2023-11-30,f
t,5,EC-I-CantonPimampiro,ec;imbabura;canton.pimampiro,2023-11-30,f
t,1,EC-I-Cotacachi,EC-I-CHI,2022-09-14,f
t,5,EC-I-Cotacachi,ec;i;cotacachi,2023-11-30,f
t,5,EC-I-Cotacachi,ec;imbabura;cotacachi,2023-11-30,f
t,1,EC-I-Ibarra,EC-I-IBA,2022-09-14,f
t,5,EC-I-Ibarra,ec;i;ibarra,2023-11-30,f
t,5,EC-I-Ibarra,ec;imbabura;ibarra,2023-11-30,f
t,1,EC-I-Otavalo,EC-I-OTA,2022-09-14,f
t,5,EC-I-Otavalo,ec;i;otavalo,2023-11-30,f
t,5,EC-I-Otavalo,ec;imbabura;otavalo,2023-11-30,f
t,1,EC-I-SanMiguelUrcuqui,EC-I-SMU,2022-09-14,f
t,5,EC-I-SanMiguelUrcuqui,ec;i;san.miguel.urcuqui,2023-11-30,f
t,5,EC-I-SanMiguelUrcuqui,ec;imbabura;san.miguel.urcuqui,2023-11-30,f
t,5,EC-L,ec;l,2023-11-30,f
t,5,EC-L,ec;loja,2023-11-30,f
t,1,EC-L-CantonCalvas,EC-L-CCS,2022-09-14,f
t,5,EC-L-CantonCalvas,ec;l;canton.calvas,2023-11-30,f
t,5,EC-L-CantonCalvas,ec;loja;canton.calvas,2023-11-30,f
t,1,EC-L-CantonChaguarpamba,EC-L-CCH,2022-09-14,f
t,5,EC-L-CantonChaguarpamba,ec;l;canton.chaguarpamba,2023-11-30,f
t,5,EC-L-CantonChaguarpamba,ec;loja;canton.chaguarpamba,2023-11-30,f
t,1,EC-L-CantonEspindola,EC-L-CES,2022-09-14,f
t,5,EC-L-CantonEspindola,ec;l;canton.espindola,2023-11-30,f
t,5,EC-L-CantonEspindola,ec;loja;canton.espindola,2023-11-30,f
t,1,EC-L-CantonGonzanama,EC-L-CGA,2022-09-14,f
t,5,EC-L-CantonGonzanama,ec;l;canton.gonzanama,2023-11-30,f
t,5,EC-L-CantonGonzanama,ec;loja;canton.gonzanama,2023-11-30,f
t,1,EC-L-CantonQuilanga,EC-L-CQG,2022-09-14,f
t,5,EC-L-CantonQuilanga,ec;l;canton.quilanga,2023-11-30,f
t,5,EC-L-CantonQuilanga,ec;loja;canton.quilanga,2023-11-30,f
t,1,EC-L-CantonSaraguro,EC-L-CSO,2022-09-14,f
t,5,EC-L-CantonSaraguro,ec;l;canton.saraguro,2023-11-30,f
t,5,EC-L-CantonSaraguro,ec;loja;canton.saraguro,2023-11-30,f
t,1,EC-L-Catamayo,EC-L-CYO,2022-09-14,f
t,5,EC-L-Catamayo,ec;l;catamayo,2023-11-30,f
t,5,EC-L-Catamayo,ec;loja;catamayo,2023-11-30,f
t,1,EC-L-Celica,EC-L-CIA,2022-09-14,f
t,5,EC-L-Celica,ec;l;celica,2023-11-30,f
t,5,EC-L-Celica,ec;loja;celica,2023-11-30,f
t,1,EC-L-Loja,EC-L-LOJ,2022-09-14,f
t,5,EC-L-Loja,ec;l;loja,2023-11-30,f
t,5,EC-L-Loja,ec;loja;loja,2023-11-30,f
t,1,EC-L-Macara,EC-L-MRA,2022-09-14,f
t,5,EC-L-Macara,ec;l;macara,2023-11-30,f
t,5,EC-L-Macara,ec;loja;macara,2023-11-30,f
t,1,EC-L-Olmedo,EC-L-OLM,2022-09-14,f
t,5,EC-L-Olmedo,ec;l;olmedo,2023-11-30,f
t,5,EC-L-Olmedo,ec;loja;olmedo,2023-11-30,f
t,1,EC-L-Paltas,EC-L-PTS,2022-09-14,f
t,5,EC-L-Paltas,ec;l;paltas,2023-11-30,f
t,5,EC-L-Paltas,ec;loja;paltas,2023-11-30,f
t,1,EC-L-Pindal,EC-L-PDL,2022-09-14,f
t,5,EC-L-Pindal,ec;l;pindal,2023-11-30,f
t,5,EC-L-Pindal,ec;loja;pindal,2023-11-30,f
t,1,EC-L-Puyango,EC-L-PUY,2022-09-14,f
t,5,EC-L-Puyango,ec;l;puyango,2023-11-30,f
t,5,EC-L-Puyango,ec;loja;puyango,2023-11-30,f
t,1,EC-L-Sozoranga,EC-L-SGA,2022-09-14,f
t,5,EC-L-Sozoranga,ec;l;sozoranga,2023-11-30,f
t,5,EC-L-Sozoranga,ec;loja;sozoranga,2023-11-30,f
t,1,EC-L-Zapotillo,EC-L-ZPO,2022-09-14,f
t,5,EC-L-Zapotillo,ec;l;zapotillo,2023-11-30,f
t,5,EC-L-Zapotillo,ec;loja;zapotillo,2023-11-30,f
t,5,EC-M,ec;m,2023-11-30,f
t,5,EC-M,ec;manabi,2023-11-30,f
t,1,EC-M-24Mayo,EC-M-MYO,2022-09-14,f
t,5,EC-M-24Mayo,ec;m;24.mayo,2023-11-30,f
t,5,EC-M-24Mayo,ec;manabi;24.mayo,2023-11-30,f
t,1,EC-M-Bolivar,EC-M-BOL,2022-09-14,f
t,5,EC-M-Bolivar,ec;m;bolivar,2023-11-30,f
t,5,EC-M-Bolivar,ec;manabi;bolivar,2023-11-30,f
t,1,EC-M-CantonJunin,EC-M-CJN,2022-09-14,f
t,5,EC-M-CantonJunin,ec;m;canton.junin,2023-11-30,f
t,5,EC-M-CantonJunin,ec;manabi;canton.junin,2023-11-30,f
t,1,EC-M-Chone,EC-M-CHE,2022-09-14,f
t,5,EC-M-Chone,ec;m;chone,2023-11-30,f
t,5,EC-M-Chone,ec;manabi;chone,2023-11-30,f
t,1,EC-M-ElCarmen,EC-M-ELC,2022-09-14,f
t,5,EC-M-ElCarmen,ec;m;el.carmen,2023-11-30,f
t,5,EC-M-ElCarmen,ec;manabi;el.carmen,2023-11-30,f
t,1,EC-M-FlavioAlfaro,EC-M-FAR,2022-09-14,f
t,5,EC-M-FlavioAlfaro,ec;m;flavio.alfaro,2023-11-30,f
t,5,EC-M-FlavioAlfaro,ec;manabi;flavio.alfaro,2023-11-30,f
t,1,EC-M-Jama,EC-M-JAM,2022-09-14,f
t,5,EC-M-Jama,ec;m;jama,2023-11-30,f
t,5,EC-M-Jama,ec;manabi;jama,2023-11-30,f
t,1,EC-M-Jaramijo,EC-M-JIO,2022-09-14,f
t,5,EC-M-Jaramijo,ec;m;jaramijo,2023-11-30,f
t,5,EC-M-Jaramijo,ec;manabi;jaramijo,2023-11-30,f
t,1,EC-M-Jipijapa,EC-M-JJA,2022-09-14,f
t,5,EC-M-Jipijapa,ec;m;jipijapa,2023-11-30,f
t,5,EC-M-Jipijapa,ec;manabi;jipijapa,2023-11-30,f
t,1,EC-M-Manta,EC-M-MAA,2022-09-14,f
t,5,EC-M-Manta,ec;m;manta,2023-11-30,f
t,5,EC-M-Manta,ec;manabi;manta,2023-11-30,f
t,1,EC-M-Montecristi,EC-M-MTI,2022-09-14,f
t,5,EC-M-Montecristi,ec;m;montecristi,2023-11-30,f
t,5,EC-M-Montecristi,ec;manabi;montecristi,2023-11-30,f
t,1,EC-M-Olmedo,EC-M-ODO,2022-09-14,f
t,5,EC-M-Olmedo,ec;m;olmedo,2023-11-30,f
t,5,EC-M-Olmedo,ec;manabi;olmedo,2023-11-30,f
t,1,EC-M-Pajan,EC-M-PAN,2022-09-14,f
t,5,EC-M-Pajan,ec;m;pajan,2023-11-30,f
t,5,EC-M-Pajan,ec;manabi;pajan,2023-11-30,f
t,1,EC-M-Pedernales,EC-M-PED,2022-09-14,f
t,1,EC-M-Pichincha,EC-M-PCA,2022-09-14,f
t,5,EC-M-Pichincha,ec;m;pichincha,2023-11-30,f
t,5,EC-M-Pichincha,ec;manabi;pichincha,2023-11-30,f
t,1,EC-M-Portoviejo,EC-M-PTO,2022-09-14,f
t,5,EC-M-Portoviejo,ec;m;portoviejo,2023-11-30,f
t,5,EC-M-Portoviejo,ec;manabi;portoviejo,2023-11-30,f
t,1,EC-M-PuertoLopez,EC-M-POL,2022-09-14,f
t,5,EC-M-PuertoLopez,ec;m;puerto.lopez,2023-11-30,f
t,5,EC-M-PuertoLopez,ec;manabi;puerto.lopez,2023-11-30,f
t,1,EC-M-Rocafuerte,EC-M-RCF,2022-09-14,f
t,5,EC-M-Rocafuerte,ec;m;rocafuerte,2023-11-30,f
t,5,EC-M-Rocafuerte,ec;manabi;rocafuerte,2023-11-30,f
t,1,EC-M-SanVicente,EC-M-SVE,2022-09-14,f
t,5,EC-M-SanVicente,ec;m;san.vicente,2023-11-30,f
t,5,EC-M-SanVicente,ec;manabi;san.vicente,2023-11-30,f
t,1,EC-M-SantaAna,EC-M-STA,2022-09-14,f
t,5,EC-M-SantaAna,ec;m;santa.ana,2023-11-30,f
t,5,EC-M-SantaAna,ec;manabi;santa.ana,2023-11-30,f
t,1,EC-M-Sucre,EC-M-SRE,2022-09-14,f
t,5,EC-M-Sucre,ec;m;sucre,2023-11-30,f
t,5,EC-M-Sucre,ec;manabi;sucre,2023-11-30,f
t,1,EC-M-Tosagua,EC-M-TSA,2022-09-14,f
t,5,EC-M-Tosagua,ec;m;tosagua,2023-11-30,f
t,5,EC-M-Tosagua,ec;manabi;tosagua,2023-11-30,f
t,5,EC-N,ec;n,2023-11-30,f
t,5,EC-N,ec;napo,2023-11-30,f
t,1,EC-N-Archidona,EC-N-ADA,2022-09-14,f
t,5,EC-N-Archidona,ec;n;archidona,2023-11-30,f
t,5,EC-N-Archidona,ec;napo;archidona,2023-11-30,f
t,1,EC-N-CantonCarlosJulioArosemenaTola,EC-N-CCT,2022-09-14,f
t,5,EC-N-CantonCarlosJulioArosemenaTola,ec;n;canton.carlos.julio.arosemena.tola,2023-11-30,f
t,5,EC-N-CantonCarlosJulioArosemenaTola,ec;napo;canton.carlos.julio.arosemena.tola,2023-11-30,f
t,1,EC-N-CantonChaco,EC-N-CEC,2022-09-14,f
t,5,EC-N-CantonChaco,ec;n;canton.chaco,2023-11-30,f
t,5,EC-N-CantonChaco,ec;napo;canton.chaco,2023-11-30,f
t,1,EC-N-CantonQuijos,EC-N-CQU,2022-09-14,f
t,5,EC-N-CantonQuijos,ec;n;canton.quijos,2023-11-30,f
t,5,EC-N-CantonQuijos,ec;napo;canton.quijos,2023-11-30,f
t,1,EC-N-Tena,EC-N-TEN,2022-09-14,f
t,5,EC-N-Tena,ec;n;tena,2023-11-30,f
t,5,EC-N-Tena,ec;napo;tena,2023-11-30,f
t,5,EC-O,ec;el.oro,2023-11-30,f
t,5,EC-O,ec;o,2023-11-30,f
t,1,EC-O-Arenillas,EC-O-ARE,2022-09-14,f
t,5,EC-O-Arenillas,ec;el.oro;arenillas,2023-11-30,f
t,5,EC-O-Arenillas,ec;o;arenillas,2023-11-30,f
t,1,EC-O-Atahualpa,EC-O-ATA,2022-09-14,f
t,5,EC-O-Atahualpa,ec;el.oro;atahualpa,2023-11-30,f
t,5,EC-O-Atahualpa,ec;o;atahualpa,2023-11-30,f
t,1,EC-O-Balsas,EC-O-BAL,2022-09-14,f
t,5,EC-O-Balsas,ec;el.oro;balsas,2023-11-30,f
t,5,EC-O-Balsas,ec;o;balsas,2023-11-30,f
t,1,EC-O-CantonChilla,EC-O-CCA,2022-09-14,f
t,5,EC-O-CantonChilla,ec;el.oro;canton.chilla,2023-11-30,f
t,5,EC-O-CantonChilla,ec;o;canton.chilla,2023-11-30,f
t,1,EC-O-CantonLajas,EC-O-CLL,2022-09-14,f
t,5,EC-O-CantonLajas,ec;el.oro;canton.lajas,2023-11-30,f
t,5,EC-O-CantonLajas,ec;o;canton.lajas,2023-11-30,f
t,1,EC-O-CantonMarcabeli,EC-O-CML,2022-09-14,f
t,5,EC-O-CantonMarcabeli,ec;el.oro;canton.marcabeli,2023-11-30,f
t,5,EC-O-CantonMarcabeli,ec;o;canton.marcabeli,2023-11-30,f
t,1,EC-O-ElGuabo,EC-O-EGO,2022-09-14,f
t,5,EC-O-ElGuabo,ec;el.oro;el.guabo,2023-11-30,f
t,5,EC-O-ElGuabo,ec;o;el.guabo,2023-11-30,f
t,1,EC-O-Huaquillas,EC-O-HUA,2022-09-14,f
t,5,EC-O-Huaquillas,ec;el.oro;huaquillas,2023-11-30,f
t,5,EC-O-Huaquillas,ec;o;huaquillas,2023-11-30,f
t,1,EC-O-Machala,EC-O-MHL,2022-09-14,f
t,5,EC-O-Machala,ec;el.oro;machala,2023-11-30,f
t,5,EC-O-Machala,ec;o;machala,2023-11-30,f
t,1,EC-O-Pasaje,EC-O-PSE,2022-09-14,f
t,5,EC-O-Pasaje,ec;el.oro;pasaje,2023-11-30,f
t,5,EC-O-Pasaje,ec;o;pasaje,2023-11-30,f
t,1,EC-O-Pinas,EC-O-PIN,2022-09-14,f
t,5,EC-O-Pinas,ec;el.oro;pinas,2023-11-30,f
t,5,EC-O-Pinas,ec;o;pinas,2023-11-30,f
t,1,EC-O-Portovelo,EC-O-PVL,2022-09-14,f
t,5,EC-O-Portovelo,ec;el.oro;portovelo,2023-11-30,f
t,5,EC-O-Portovelo,ec;o;portovelo,2023-11-30,f
t,1,EC-O-SantaRosa,EC-O-SRS,2022-09-14,f
t,5,EC-O-SantaRosa,ec;el.oro;santa.rosa,2023-11-30,f
t,5,EC-O-SantaRosa,ec;o;santa.rosa,2023-11-30,f
t,1,EC-O-Zaruma,EC-O-ZRM,2022-09-14,f
t,5,EC-O-Zaruma,ec;el.oro;zaruma,2023-11-30,f
t,5,EC-O-Zaruma,ec;o;zaruma,2023-11-30,f
t,5,EC-P,ec;p,2023-11-30,f
t,5,EC-P,ec;pichincha,2023-11-30,f
t,1,EC-P-CantonPedroMoncayo,EC-P-CPM,2022-09-14,f
t,5,EC-P-CantonPedroMoncayo,ec;p;canton.pedro.moncayo,2023-11-30,f
t,5,EC-P-CantonPedroMoncayo,ec;pichincha;canton.pedro.moncayo,2023-11-30,f
t,1,EC-P-Cayambe,EC-P-CAY,2022-09-14,f
t,5,EC-P-Cayambe,ec;p;cayambe,2023-11-30,f
t,5,EC-P-Cayambe,ec;pichincha;cayambe,2023-11-30,f
t,1,EC-P-Machachi,EC-P-MHI,2022-09-14,f
t,5,EC-P-Machachi,ec;p;machachi,2023-11-30,f
t,5,EC-P-Machachi,ec;pichincha;machachi,2023-11-30,f
t,1,EC-P-PedroVicenteMaldonado,EC-P-PVM,2022-09-14,f
t,5,EC-P-PedroVicenteMaldonado,ec;p;pedro.vicente.maldonado,2023-11-30,f
t,5,EC-P-PedroVicenteMaldonado,ec;pichincha;pedro.vicente.maldonado,2023-11-30,f
t,1,EC-P-PuertoQuito,EC-P-PQO,2022-09-14,f
t,5,EC-P-PuertoQuito,ec;p;puerto.quito,2023-11-30,f
t,5,EC-P-PuertoQuito,ec;pichincha;puerto.quito,2023-11-30,f
t,1,EC-P-Quito,EC-P-QTI,2022-09-14,f
t,5,EC-P-Quito,ec;p;quito,2023-11-30,f
t,5,EC-P-Quito,ec;pichincha;quito,2023-11-30,f
t,1,EC-P-SanMiguelBancos,EC-P-SMB,2022-09-14,f
t,5,EC-P-SanMiguelBancos,ec;p;san.miguel.bancos,2023-11-30,f
t,5,EC-P-SanMiguelBancos,ec;pichincha;san.miguel.bancos,2023-11-30,f
t,1,EC-P-Sangolqui,EC-P-SGI,2022-09-14,f
t,5,EC-P-Sangolqui,ec;p;sangolqui,2023-11-30,f
t,5,EC-P-Sangolqui,ec;pichincha;sangolqui,2023-11-30,f
t,5,EC-R,ec;los.rios,2023-11-30,f
t,5,EC-R,ec;r,2023-11-30,f
t,1,EC-R-Baba,EC-R-BAB,2022-09-14,f
t,5,EC-R-Baba,ec;los.rios;baba,2023-11-30,f
t,5,EC-R-Baba,ec;r;baba,2023-11-30,f
t,1,EC-R-Babahoyo,EC-R-BHO,2022-09-14,f
t,5,EC-R-Babahoyo,ec;los.rios;babahoyo,2023-11-30,f
t,5,EC-R-Babahoyo,ec;r;babahoyo,2023-11-30,f
t,1,EC-R-BuenaFe,EC-R-BFE,2022-09-14,f
t,5,EC-R-BuenaFe,ec;los.rios;buena.fe,2023-11-30,f
t,5,EC-R-BuenaFe,ec;r;buena.fe,2023-11-30,f
t,1,EC-R-CantonQuinsaloma,EC-R-CQA,2022-09-14,f
t,5,EC-R-CantonQuinsaloma,ec;los.rios;canton.quinsaloma,2023-11-30,f
t,5,EC-R-CantonQuinsaloma,ec;r;canton.quinsaloma,2023-11-30,f
t,1,EC-R-Mocache,EC-R-MCE,2022-09-14,f
t,5,EC-R-Mocache,ec;los.rios;mocache,2023-11-30,f
t,5,EC-R-Mocache,ec;r;mocache,2023-11-30,f
t,1,EC-R-Montalvo,EC-R-MVO,2022-09-14,f
t,5,EC-R-Montalvo,ec;los.rios;montalvo,2023-11-30,f
t,5,EC-R-Montalvo,ec;r;montalvo,2023-11-30,f
t,1,EC-R-Palenque,EC-R-PEQ,2022-09-14,f
t,5,EC-R-Palenque,ec;los.rios;palenque,2023-11-30,f
t,5,EC-R-Palenque,ec;r;palenque,2023-11-30,f
t,1,EC-R-Puebloviejo,EC-R-PVO,2022-09-14,f
t,5,EC-R-Puebloviejo,ec;los.rios;puebloviejo,2023-11-30,f
t,5,EC-R-Puebloviejo,ec;r;puebloviejo,2023-11-30,f
t,1,EC-R-Quevedo,EC-R-QUO,2022-09-14,f
t,5,EC-R-Quevedo,ec;los.rios;quevedo,2023-11-30,f
t,5,EC-R-Quevedo,ec;r;quevedo,2023-11-30,f
t,1,EC-R-Urdaneta,EC-R-URD,2022-09-14,f
t,5,EC-R-Urdaneta,ec;los.rios;urdaneta,2023-11-30,f
t,5,EC-R-Urdaneta,ec;r;urdaneta,2023-11-30,f
t,1,EC-R-Valencia,EC-R-VAL,2022-09-14,f
t,5,EC-R-Valencia,ec;los.rios;valencia,2023-11-30,f
t,5,EC-R-Valencia,ec;r;valencia,2023-11-30,f
t,1,EC-R-Ventanas,EC-R-VAS,2022-09-14,f
t,5,EC-R-Ventanas,ec;los.rios;ventanas,2023-11-30,f
t,5,EC-R-Ventanas,ec;r;ventanas,2023-11-30,f
t,1,EC-R-Vinces,EC-R-VES,2022-09-14,f
t,5,EC-R-Vinces,ec;los.rios;vinces,2023-11-30,f
t,5,EC-R-Vinces,ec;r;vinces,2023-11-30,f
t,5,EC-S,ec;morona.santiago,2023-11-30,f
t,5,EC-S,ec;s,2023-11-30,f
t,1,EC-S-CantonHuamboya,EC-S-CHY,2022-09-14,f
t,5,EC-S-CantonHuamboya,ec;morona.santiago;canton.huamboya,2023-11-30,f
t,5,EC-S-CantonHuamboya,ec;s;canton.huamboya,2023-11-30,f
t,1,EC-S-CantonLimonIndanza,EC-S-CLI,2022-09-14,f
t,5,EC-S-CantonLimonIndanza,ec;morona.santiago;canton.limon.indanza,2023-11-30,f
t,5,EC-S-CantonLimonIndanza,ec;s;canton.limon.indanza,2023-11-30,f
t,1,EC-S-CantonLogrono,EC-S-CLO,2022-09-14,f
t,5,EC-S-CantonLogrono,ec;morona.santiago;canton.logrono,2023-11-30,f
t,5,EC-S-CantonLogrono,ec;s;canton.logrono,2023-11-30,f
t,1,EC-S-CantonPabloSexto,EC-S-CPS,2022-09-14,f
t,5,EC-S-CantonPabloSexto,ec;morona.santiago;canton.pablo.sexto,2023-11-30,f
t,5,EC-S-CantonPabloSexto,ec;s;canton.pablo.sexto,2023-11-30,f
t,1,EC-S-CantonSanJuanBosco,EC-S-CSB,2022-09-14,f
t,5,EC-S-CantonSanJuanBosco,ec;morona.santiago;canton.san.juan.bosco,2023-11-30,f
t,5,EC-S-CantonSanJuanBosco,ec;s;canton.san.juan.bosco,2023-11-30,f
t,1,EC-S-CantonSantiagoMendez,EC-S-CSM,2022-09-14,f
t,5,EC-S-CantonSantiagoMendez,ec;morona.santiago;canton.santiago.mendez,2023-11-30,f
t,5,EC-S-CantonSantiagoMendez,ec;s;canton.santiago.mendez,2023-11-30,f
t,1,EC-S-CantonTaisha,EC-S-CTA,2022-09-14,f
t,5,EC-S-CantonTaisha,ec;morona.santiago;canton.taisha,2023-11-30,f
t,5,EC-S-CantonTaisha,ec;s;canton.taisha,2023-11-30,f
t,1,EC-S-CantonTiwintza,EC-S-CTA,2022-09-14,f
t,5,EC-S-CantonTiwintza,ec;morona.santiago;canton.tiwintza,2023-11-30,f
t,5,EC-S-CantonTiwintza,ec;s;canton.tiwintza,2023-11-30,f
t,1,EC-S-Gualaquiza,EC-S-GQZ,2022-09-14,f
t,5,EC-S-Gualaquiza,ec;morona.santiago;gualaquiza,2023-11-30,f
t,5,EC-S-Gualaquiza,ec;s;gualaquiza,2023-11-30,f
t,1,EC-S-Morona,EC-S-MOR,2022-09-14,f
t,5,EC-S-Morona,ec;morona.santiago;morona,2023-11-30,f
t,5,EC-S-Morona,ec;s;morona,2023-11-30,f
t,1,EC-S-Palora,EC-S-POR,2022-09-14,f
t,5,EC-S-Palora,ec;morona.santiago;palora,2023-11-30,f
t,5,EC-S-Palora,ec;s;palora,2023-11-30,f
t,1,EC-S-Sucua,EC-S-SCA,2022-09-14,f
t,5,EC-S-Sucua,ec;morona.santiago;sucua,2023-11-30,f
t,5,EC-S-Sucua,ec;s;sucua,2023-11-30,f
t,5,EC-SD,ec;santo.domingo.tsachilas,2023-11-30,f
t,5,EC-SD,ec;sd,2023-11-30,f
t,1,EC-SD-LaConcordia,EC-SD-LCA,2022-09-14,f
t,5,EC-SD-LaConcordia,ec;santo.domingo.tsachilas;la.concordia,2023-11-30,f
t,5,EC-SD-LaConcordia,ec;sd;la.concordia,2023-11-30,f
t,1,EC-SD-SantoDomingo,EC-SD-SDM,2022-09-14,f
t,5,EC-SD-SantoDomingo,ec;santo.domingo.tsachilas;santo.domingo,2023-11-30,f
t,5,EC-SD-SantoDomingo,ec;sd;santo.domingo,2023-11-30,f
t,5,EC-SE,ec;santa.elena,2023-11-30,f
t,5,EC-SE,ec;se,2023-11-30,f
t,1,EC-SE-LaLibertad,EC-SE-LLD,2022-09-14,f
t,5,EC-SE-LaLibertad,ec;santa.elena;la.libertad,2023-11-30,f
t,5,EC-SE-LaLibertad,ec;se;la.libertad,2023-11-30,f
t,1,EC-SE-Salinas,EC-SE-SLS,2022-09-14,f
t,5,EC-SE-Salinas,ec;santa.elena;salinas,2023-11-30,f
t,5,EC-SE-Salinas,ec;se;salinas,2023-11-30,f
t,1,EC-SE-SantaElena,EC-SE-SEL,2022-09-14,f
t,5,EC-SE-SantaElena,ec;santa.elena;santa.elena,2023-11-30,f
t,5,EC-SE-SantaElena,ec;se;santa.elena,2023-11-30,f
t,5,EC-T,ec;t,2023-11-30,f
t,5,EC-T,ec;tungurahua,2023-11-30,f
t,1,EC-T-Ambato,EC-T-ABT,2022-09-14,f
t,5,EC-T-Ambato,ec;t;ambato,2023-11-30,f
t,5,EC-T-Ambato,ec;tungurahua;ambato,2023-11-30,f
t,1,EC-T-Banos,EC-T-BAN,2022-09-14,f
t,5,EC-T-Banos,ec;t;banos,2023-11-30,f
t,5,EC-T-Banos,ec;tungurahua;banos,2023-11-30,f
t,1,EC-T-CantonMocha,EC-T-CMH,2022-09-14,f
t,5,EC-T-CantonMocha,ec;t;canton.mocha,2023-11-30,f
t,5,EC-T-CantonMocha,ec;tungurahua;canton.mocha,2023-11-30,f
t,1,EC-T-CantonTisaleo,EC-T-CTO,2022-09-14,f
t,5,EC-T-CantonTisaleo,ec;t;canton.tisaleo,2023-11-30,f
t,5,EC-T-CantonTisaleo,ec;tungurahua;canton.tisaleo,2023-11-30,f
t,1,EC-T-Cevallos,EC-T-CEL,2022-09-14,f
t,5,EC-T-Cevallos,ec;t;cevallos,2023-11-30,f
t,5,EC-T-Cevallos,ec;tungurahua;cevallos,2023-11-30,f
t,1,EC-T-Patate,EC-T-PAE,2022-09-14,f
t,5,EC-T-Patate,ec;t;patate,2023-11-30,f
t,5,EC-T-Patate,ec;tungurahua;patate,2023-11-30,f
t,1,EC-T-Quero,EC-T-QUO,2022-09-14,f
t,5,EC-T-Quero,ec;t;quero,2023-11-30,f
t,5,EC-T-Quero,ec;tungurahua;quero,2023-11-30,f
t,1,EC-T-SanPedroPelileo,EC-T-SPP,2022-09-14,f
t,5,EC-T-SanPedroPelileo,ec;t;san.pedro.pelileo,2023-11-30,f
t,5,EC-T-SanPedroPelileo,ec;tungurahua;san.pedro.pelileo,2023-11-30,f
t,1,EC-T-SantiagoPillaro,EC-T-SDP,2022-09-14,f
t,5,EC-T-SantiagoPillaro,ec;t;santiago.pillaro,2023-11-30,f
t,5,EC-T-SantiagoPillaro,ec;tungurahua;santiago.pillaro,2023-11-30,f
t,5,EC-U,ec;sucumbios,2023-11-30,f
t,5,EC-U,ec;u,2023-11-30,f
t,1,EC-U-CantonCascales,EC-U-CCS,2022-09-14,f
t,5,EC-U-CantonCascales,ec;sucumbios;canton.cascales,2023-11-30,f
t,5,EC-U-CantonCascales,ec;u;canton.cascales,2023-11-30,f
t,1,EC-U-CantonCuyabeno,EC-U-CCO,2022-09-14,f
t,5,EC-U-CantonCuyabeno,ec;sucumbios;canton.cuyabeno,2023-11-30,f
t,5,EC-U-CantonCuyabeno,ec;u;canton.cuyabeno,2023-11-30,f
t,1,EC-U-GonzaloPizarro,EC-U-GPR,2022-09-14,f
t,5,EC-U-GonzaloPizarro,ec;sucumbios;gonzalo.pizarro,2023-11-30,f
t,5,EC-U-GonzaloPizarro,ec;u;gonzalo.pizarro,2023-11-30,f
t,1,EC-U-LagoAgrio,EC-U-LAO,2022-09-14,f
t,5,EC-U-LagoAgrio,ec;sucumbios;lago.agrio,2023-11-30,f
t,5,EC-U-LagoAgrio,ec;u;lago.agrio,2023-11-30,f
t,1,EC-U-Putumayo,EC-U-PUT,2022-09-14,f
t,5,EC-U-Putumayo,ec;sucumbios;putumayo,2023-11-30,f
t,5,EC-U-Putumayo,ec;u;putumayo,2023-11-30,f
t,1,EC-U-Shushufindi,EC-U-SHI,2022-09-14,f
t,5,EC-U-Shushufindi,ec;sucumbios;shushufindi,2023-11-30,f
t,5,EC-U-Shushufindi,ec;u;shushufindi,2023-11-30,f
t,1,EC-U-Sucumbios,EC-U-SOS,2022-09-14,f
t,5,EC-U-Sucumbios,ec;sucumbios;sucumbios,2023-11-30,f
t,5,EC-U-Sucumbios,ec;u;sucumbios,2023-11-30,f
t,5,EC-W,ec;galapagos,2023-11-30,f
t,5,EC-W,ec;w,2023-11-30,f
t,1,EC-W-CantonIsabela,EC-W-CIS,2022-09-14,f
t,5,EC-W-CantonIsabela,ec;galapagos;canton.isabela,2023-11-30,f
t,5,EC-W-CantonIsabela,ec;w;canton.isabela,2023-11-30,f
t,1,EC-W-CantonSanCristobal,EC-W-CSC,2022-09-14,f
t,5,EC-W-CantonSanCristobal,ec;galapagos;canton.san.cristobal,2023-11-30,f
t,5,EC-W-CantonSanCristobal,ec;w;canton.san.cristobal,2023-11-30,f
t,1,EC-W-CantonSantaCruz,EC-W-CSZ,2022-09-14,f
t,5,EC-W-CantonSantaCruz,ec;galapagos;canton.santa.cruz,2023-11-30,f
t,5,EC-W-CantonSantaCruz,ec;w;canton.santa.cruz,2023-11-30,f
t,5,EC-X,ec;cotopaxi,2023-11-30,f
t,5,EC-X,ec;x,2023-11-30,f
t,1,EC-X-LaMana,EC-X-LMA,2022-09-14,f
t,5,EC-X-LaMana,ec;cotopaxi;la.mana,2023-11-30,f
t,5,EC-X-LaMana,ec;x;la.mana,2023-11-30,f
t,1,EC-X-Latacunga,EC-X-LGA,2022-09-14,f
t,5,EC-X-Latacunga,ec;cotopaxi;latacunga,2023-11-30,f
t,5,EC-X-Latacunga,ec;x;latacunga,2023-11-30,f
t,1,EC-X-Pangua,EC-X-PAG,2022-09-14,f
t,5,EC-X-Pangua,ec;cotopaxi;pangua,2023-11-30,f
t,5,EC-X-Pangua,ec;x;pangua,2023-11-30,f
t,1,EC-X-Pujili,EC-X-PLI,2022-09-14,f
t,5,EC-X-Pujili,ec;cotopaxi;pujili,2023-11-30,f
t,5,EC-X-Pujili,ec;x;pujili,2023-11-30,f
t,1,EC-X-Salcedo,EC-X-SCO,2022-09-14,f
t,5,EC-X-Salcedo,ec;cotopaxi;salcedo,2023-11-30,f
t,5,EC-X-Salcedo,ec;x;salcedo,2023-11-30,f
t,1,EC-X-Saquisili,EC-X-SSI,2022-09-14,f
t,5,EC-X-Saquisili,ec;cotopaxi;saquisili,2023-11-30,f
t,5,EC-X-Saquisili,ec;x;saquisili,2023-11-30,f
t,1,EC-X-Sigchos,EC-X-SIG,2022-09-14,f
t,5,EC-X-Sigchos,ec;cotopaxi;sigchos,2023-11-30,f
t,5,EC-X-Sigchos,ec;x;sigchos,2023-11-30,f
t,5,EC-Y,ec;pastaza,2023-11-30,f
t,5,EC-Y,ec;y,2023-11-30,f
t,1,EC-Y-Arajuno,EC-Y-AJO,2022-09-14,f
t,5,EC-Y-Arajuno,ec;pastaza;arajuno,2023-11-30,f
t,5,EC-Y-Arajuno,ec;y;arajuno,2023-11-30,f
t,1,EC-Y-CantonSantaClara,EC-Y-CSL,2022-09-14,f
t,5,EC-Y-CantonSantaClara,ec;pastaza;canton.santa.clara,2023-11-30,f
t,5,EC-Y-CantonSantaClara,ec;y;canton.santa.clara,2023-11-30,f
t,1,EC-Y-Mera,EC-Y-MER,2022-09-14,f
t,5,EC-Y-Mera,ec;pastaza;mera,2023-11-30,f
t,5,EC-Y-Mera,ec;y;mera,2023-11-30,f
t,1,EC-Y-Pastaza,EC-Y-PTZ,2022-09-14,f
t,5,EC-Y-Pastaza,ec;pastaza;pastaza,2023-11-30,f
t,5,EC-Y-Pastaza,ec;y;pastaza,2023-11-30,f
t,5,EC-Z,ec;z,2023-11-30,f
t,5,EC-Z,ec;zamora.chinchipe,2023-11-30,f
t,1,EC-Z-CantonCentinelaCondor,EC-Z-CCR,2022-09-14,f
t,5,EC-Z-CantonCentinelaCondor,ec;z;canton.centinela.condor,2023-11-30,f
t,5,EC-Z-CantonCentinelaCondor,ec;zamora.chinchipe;canton.centinela.condor,2023-11-30,f
t,1,EC-Z-CantonNangaritza,EC-Z-CNZ,2022-09-14,f
t,5,EC-Z-CantonNangaritza,ec;z;canton.nangaritza,2023-11-30,f
t,5,EC-Z-CantonNangaritza,ec;zamora.chinchipe;canton.nangaritza,2023-11-30,f
t,1,EC-Z-CantonPalanda,EC-Z-CPA,2022-09-14,f
t,5,EC-Z-CantonPalanda,ec;z;canton.palanda,2023-11-30,f
t,5,EC-Z-CantonPalanda,ec;zamora.chinchipe;canton.palanda,2023-11-30,f
t,1,EC-Z-CantonPangui,EC-Z-CLG,2022-09-14,f
t,5,EC-Z-CantonPangui,ec;z;canton.pangui,2023-11-30,f
t,5,EC-Z-CantonPangui,ec;zamora.chinchipe;canton.pangui,2023-11-30,f
t,1,EC-Z-CantonPaquisha,EC-Z-CPH,2022-09-14,f
t,5,EC-Z-CantonPaquisha,ec;z;canton.paquisha,2023-11-30,f
t,5,EC-Z-CantonPaquisha,ec;zamora.chinchipe;canton.paquisha,2023-11-30,f
t,1,EC-Z-CantonYacuambi,EC-Z-CYB,2022-09-14,f
t,5,EC-Z-CantonYacuambi,ec;z;canton.yacuambi,2023-11-30,f
t,5,EC-Z-CantonYacuambi,ec;zamora.chinchipe;canton.yacuambi,2023-11-30,f
t,1,EC-Z-Chinchipe,EC-Z-CHP,2022-09-14,f
t,5,EC-Z-Chinchipe,ec;z;chinchipe,2023-11-30,f
t,5,EC-Z-Chinchipe,ec;zamora.chinchipe;chinchipe,2023-11-30,f
t,1,EC-Z-Yantzaza,EC-Z-YZA,2022-09-14,f
t,5,EC-Z-Yantzaza,ec;z;yantzaza,2023-11-30,f
t,5,EC-Z-Yantzaza,ec;zamora.chinchipe;yantzaza,2023-11-30,f
t,1,EC-Z-Zamora,EC-Z-ZAM,2022-09-14,f
t,5,EC-Z-Zamora,ec;z;zamora,2023-11-30,f
t,5,EC-Z-Zamora,ec;zamora.chinchipe;zamora,2023-11-30,f
